Speaker,Emotion,File Name,Transcription
KhaledKamal,Surprised,KhaledKamal_Surprised_9.wav,???? ??? ???? ???
KhaledKamal,Surprised,KhaledKamal_Surprised_4.wav,???? ???
KhaledKamal,Surprised,KhaledKamal_Surprised_3.wav,????? ?????
KhaledKamal,Surprised,KhaledKamal_Surprised_10.wav,??????? ??????? ???
KhaledKamal,Surprised,KhaledKamal_Surprised_8.wav,??? ????? ???? ?????
KhaledKamal,Surprised,KhaledKamal_Surprised_11.wav,???? ???? ?? ???? ???
KhaledKamal,Surprised,KhaledKamal_Surprised_5.wav,???? ???????? ?? ?????
KhaledKamal,Surprised,KhaledKamal_Surprised_6.wav,????? ??? ?? ????? ????
KhaledKamal,Surprised,KhaledKamal_Surprised_1.wav,??? ???? ??? ?????? ?? ?? ?????
KhaledKamal,Surprised,KhaledKamal_Surprised_7.wav,???? ??? ?? ????
KhaledKamal,Surprised,KhaledKamal_Surprised_2.wav,???? ??? ??????? ??? ???
KhaledKamal,Angry,KhaledKamal_Angry_2.wav,??? ???? ???? ?? ?? ????? ???? ???? ?????? ???? ???? ?????
KhaledKamal,Angry,KhaledKamal_Angry_7.wav,??? ?????? ?? ????? ??? ????? ???? ??????
KhaledKamal,Angry,KhaledKamal_Angry_5.wav,???? ??? ????? ???? ??? ???? ??? ????
KhaledKamal,Angry,KhaledKamal_Angry_8.wav,?????
KhaledKamal,Angry,KhaledKamal_Angry_1.wav,?? ????? ??? ????
KhaledKamal,Angry,KhaledKamal_Angry_6.wav,???? ???????? ???? ?? ???
KhaledKamal,Angry,KhaledKamal_Angry_4.wav,?? ??? ????? ????
KhaledKamal,Angry,KhaledKamal_Angry_3.wav,?????? ??? ?? ????
KhaledKamal,Angry,KhaledKamal_Angry_9.wav,????? ?? ??? ???? ??? ?????? ?? ?? ????? ??? ???? ??? ???? ??? ???
KhaledKamal,Neutral,KhaledKamal_Neutral_1.wav,??? ???? ???? ????? ?? ???? ?? ???? ??? ????? ???? ???? ????? ????? ????? ??? ??? ????
KhaledKamal,Neutral,KhaledKamal_Neutral_3.wav,??? ??? ??? ??? ?? ????
KhaledKamal,Neutral,KhaledKamal_Neutral_14.wav,??????? ??? ?????? ???? ???? ???? ???? ?? ???
KhaledKamal,Neutral,KhaledKamal_Neutral_5.wav,??? ????? ???? ??? ???? ???????? ?????
KhaledKamal,Neutral,KhaledKamal_Neutral_2.wav,??? ???? ?????? ???? ????? ???? ???? ??????
KhaledKamal,Neutral,KhaledKamal_Neutral_8.wav,?? ??? ?? ?? ?????? ???? ??? ?? ?????? ????
KhaledKamal,Neutral,KhaledKamal_Neutral_4.wav,?? ?? ???? ??? ??????? ???? ?????? ?? ?????? ????? ??????? ????
KhaledKamal,Neutral,KhaledKamal_Neutral_7.wav,?? ?????? ????? ????? ?? ????? ??? ???
KhaledKamal,Neutral,KhaledKamal_Neutral_12.wav,??????? ???? ???? ?? ???????
KhaledKamal,Neutral,KhaledKamal_Neutral_10.wav,????? ??????? ?? ??? ???????
KhaledKamal,Neutral,KhaledKamal_Neutral_13.wav,????? ????? ?????? ????? ????? ?? ??????
KhaledKamal,Neutral,KhaledKamal_Neutral_6.wav,???? ?????? ???? ??????? ?? ???? ??? ???? ????? ???? ???? ????? ?????
KhaledKamal,Neutral,KhaledKamal_Neutral_9.wav,???? ????? ??????
KhaledKamal,Neutral,KhaledKamal_Neutral_11.wav,???? ????? ??? ??????? ??? ?????? ???
KhaledKamal,Happy,KhaledKamal_Happy_1.wav,???? ??? ?????? ?? ?? ?????
KhaledKamal,Fearful,KhaledKamal_Fearful_4.wav,?????? ???? ?? ??????
KhaledKamal,Fearful,KhaledKamal_Fearful_1.wav,????? ??? ??? ?????
KhaledKamal,Fearful,KhaledKamal_Fearful_5.wav,??? ???? ?? ???? ??????
KhaledKamal,Fearful,KhaledKamal_Fearful_2.wav,?? ??? ?? ???? ????? ????
KhaledKamal,Fearful,KhaledKamal_Fearful_3.wav,?? ?? ?????? ??? ?? ??? ????? ??? ? ????? ????? ??
MahmoudHafez,Surprised,MahmoudHafez_Surprised_2.wav,?? ?????
MahmoudHafez,Surprised,MahmoudHafez_Surprised_1.wav,??? ?? ??? ?? ?????
MahmoudHafez,Angry,MahmoudHafez_Angry_4.wav,?? ????? ??? ????? ???? ?? ?? ??? ????
MahmoudHafez,Angry,MahmoudHafez_Angry_2.wav,????? ???? ????? ????? ????
MahmoudHafez,Angry,MahmoudHafez_Angry_3.wav,??? ???? ???? ?? ?? ??? ??? ????? ??? ??? ????? ?????
MahmoudHafez,Angry,MahmoudHafez_Angry_1.wav,????? ?? ??
MahmoudHafez,Neutral,MahmoudHafez_Neutral_1.wav,??????? ?????? ??? ??? ???
MahmoudHafez,Neutral,MahmoudHafez_Neutral_2.wav,?????? ??? ??????? ???
MahmoudHafez,Happy,MahmoudHafez_Happy_1.wav,????? ???? ????
MahmoudHafez,Happy,MahmoudHafez_Happy_2.wav,??? ??? ??? ??? ?? ???
MahmoudHafez,Fearful,MahmoudHafez_Fearful_1.wav,???? ??? ??????? ??? ?? ???
MahmoudHafez,Fearful,MahmoudHafez_Fearful_2.wav,?? ???? ???? ?? ???? ????
AmrYoussef,Surprised,AmrYoussef_Surprised_19.wav,????
AmrYoussef,Surprised,AmrYoussef_Surprised_12.wav,?? ???? ???? ????? ????? ???
AmrYoussef,Surprised,AmrYoussef_Surprised_6.wav,?? ?? ???? ??????? ??? ?????? ??? ????? ????
AmrYoussef,Surprised,AmrYoussef_Surprised_32.wav,?? ??? ?? ??? ?? ??? ???? ?????? ???? ????
AmrYoussef,Surprised,AmrYoussef_Surprised_31.wav,??????? ??? ?? ???? ?????
AmrYoussef,Surprised,AmrYoussef_Surprised_18.wav,?????? ?? ??? ?? ???? ??? ?? ???? ????????
AmrYoussef,Surprised,AmrYoussef_Surprised_11.wav,?????? ???? ?????
AmrYoussef,Surprised,AmrYoussef_Surprised_30.wav,?? ???? ??? ????
AmrYoussef,Surprised,AmrYoussef_Surprised_25.wav,??? ????
AmrYoussef,Surprised,AmrYoussef_Surprised_23.wav,?? ????? ???? ????? ??? ??????? ?? ?????
AmrYoussef,Surprised,AmrYoussef_Surprised_8.wav,????? ??? ?????
AmrYoussef,Surprised,AmrYoussef_Surprised_22.wav,???
AmrYoussef,Surprised,AmrYoussef_Surprised_14.wav,??? ?? ???? ????? ???? ???? ??? ?????
AmrYoussef,Surprised,AmrYoussef_Surprised_2.wav,??? ?? ??
AmrYoussef,Surprised,AmrYoussef_Surprised_13.wav,???????
AmrYoussef,Surprised,AmrYoussef_Surprised_27.wav,??????
AmrYoussef,Surprised,AmrYoussef_Surprised_17.wav,?? ???? ????? ?? ??? ??? ????
AmrYoussef,Surprised,AmrYoussef_Surprised_33.wav,??? ??????
AmrYoussef,Surprised,AmrYoussef_Surprised_10.wav,???? ????????? ??????
AmrYoussef,Surprised,AmrYoussef_Surprised_9.wav,???
AmrYoussef,Surprised,AmrYoussef_Surprised_35.wav,???? ??? ?????? ??? ?????
AmrYoussef,Surprised,AmrYoussef_Surprised_3.wav,??? ??? ?????? ???
AmrYoussef,Surprised,AmrYoussef_Surprised_24.wav,???? ??????? ???
AmrYoussef,Surprised,AmrYoussef_Surprised_20.wav,???? ????
AmrYoussef,Surprised,AmrYoussef_Surprised_16.wav,?? ??? ???? ???? ?? ????? ??? ???
AmrYoussef,Surprised,AmrYoussef_Surprised_36.wav,?????
AmrYoussef,Surprised,AmrYoussef_Surprised_1.wav,?? ???
AmrYoussef,Surprised,AmrYoussef_Surprised_28.wav,????? ????? ?? ???? ??????? ?? ???? ??? ????
AmrYoussef,Surprised,AmrYoussef_Surprised_21.wav,?????? ??? ??????
AmrYoussef,Surprised,AmrYoussef_Surprised_26.wav,??? ??
AmrYoussef,Surprised,AmrYoussef_Surprised_34.wav,?????
AmrYoussef,Surprised,AmrYoussef_Surprised_5.wav,????
AmrYoussef,Surprised,AmrYoussef_Surprised_15.wav,????? ?? ????
AmrYoussef,Surprised,AmrYoussef_Surprised_7.wav,???
AmrYoussef,Surprised,AmrYoussef_Surprised_4.wav,???? ??? ??????
AmrYoussef,Surprised,AmrYoussef_Surprised_29.wav,???
AmrYoussef,Sad,AmrYoussef_Sad_17.wav,?? ???? ???????? ??? ?????
AmrYoussef,Sad,AmrYoussef_Sad_5.wav,???? ?? ??? ?? ????? ???? ?????? ????????
AmrYoussef,Sad,AmrYoussef_Sad_8.wav,???? ????? ????? ????
AmrYoussef,Sad,AmrYoussef_Sad_12.wav,??? ?? ?? ???? ??????
AmrYoussef,Sad,AmrYoussef_Sad_1.wav,??? ??? ????
AmrYoussef,Sad,AmrYoussef_Sad_16.wav,???? ??? ???
AmrYoussef,Sad,AmrYoussef_Sad_18.wav,?????? ?? ???? ???? ?????? ??? ???
AmrYoussef,Sad,AmrYoussef_Sad_11.wav,????? ????? ???? ?? ????? ????
AmrYoussef,Sad,AmrYoussef_Sad_4.wav,??? ?? ??? ????? ??? ???? ???????
AmrYoussef,Sad,AmrYoussef_Sad_3.wav,????? ?? ???? ????? ??? ???? ??????
AmrYoussef,Sad,AmrYoussef_Sad_15.wav,???? ???? ???? ?? ??? ???? ?????
AmrYoussef,Sad,AmrYoussef_Sad_14.wav,?????? ??? ???? ?? ???? ?? ?? ?????? ?? ???? ???? ???
AmrYoussef,Sad,AmrYoussef_Sad_7.wav,???? ??? ??? ??? ?????
AmrYoussef,Sad,AmrYoussef_Sad_6.wav,???? ???? ?? ??? ????? ???????
AmrYoussef,Sad,AmrYoussef_Sad_9.wav,?? ???? ????? ???? ??? ??? ?????
AmrYoussef,Sad,AmrYoussef_Sad_13.wav,???? ?? ?????? ?? ???????? ????? ??? ????
AmrYoussef,Sad,AmrYoussef_Sad_10.wav,???? ??? ???? ??? ???
AmrYoussef,Sad,AmrYoussef_Sad_2.wav,????? ?? ???? ????? ??????
AmrYoussef,Angry,AmrYoussef_Angry_27.wav,?? ???? ???? ???? ????? ???? ????? ?? ?? ??? ????? ????? ?????? ??? ??
AmrYoussef,Angry,AmrYoussef_Angry_4.wav,???? ??? ????? ??? ???? ?? ??????
AmrYoussef,Angry,AmrYoussef_Angry_26.wav,?? ?????? ?? ???? ?????? ?????? ????? ????
AmrYoussef,Angry,AmrYoussef_Angry_14.wav,??? ???? ???? ????? ?? ????
AmrYoussef,Angry,AmrYoussef_Angry_30.wav,??? ??? ???? ????
AmrYoussef,Angry,AmrYoussef_Angry_19.wav,?? ????? ????? ?? ???? ??????? ???? ???? ??????? ???? ?????
AmrYoussef,Angry,AmrYoussef_Angry_12.wav,???? ????
AmrYoussef,Angry,AmrYoussef_Angry_28.wav,????????? ????? ??? ???? ????? ??? ????? ???????? ???? ??? ?? ????
AmrYoussef,Angry,AmrYoussef_Angry_24.wav,???? ??? ??? ??????
AmrYoussef,Angry,AmrYoussef_Angry_1.wav,????? ?? ??????
AmrYoussef,Angry,AmrYoussef_Angry_20.wav,??? ?? ?? ???? ??? ??? ??? ??? ?? ???? ??? ???? ??? ??????? ??????? ?? ?????? ?? ????
AmrYoussef,Angry,AmrYoussef_Angry_16.wav,??? ???? ?? ??????? ???? ???? ?????? ???? ???? ??? ???
AmrYoussef,Angry,AmrYoussef_Angry_22.wav,???? ???? ??????? ??? ????
AmrYoussef,Angry,AmrYoussef_Angry_9.wav,??? ???? ??????? ???? ????? ??? ??? ??? ?? ????
AmrYoussef,Angry,AmrYoussef_Angry_29.wav,?? ?? ????? ??? ?? ???? ??? ???? ?? ???? ?? ??? ????? ??? ?????? ??? ????
AmrYoussef,Angry,AmrYoussef_Angry_5.wav,???? ????? ????? ???? ???? ?? ????? ????????
AmrYoussef,Angry,AmrYoussef_Angry_3.wav,?? ???? ????
AmrYoussef,Angry,AmrYoussef_Angry_35.wav,???? ??? ????
AmrYoussef,Angry,AmrYoussef_Angry_34.wav,?? ???? ???? ???? ???? ??? ?? ???
AmrYoussef,Angry,AmrYoussef_Angry_7.wav,???? ???? ???? ?? ???? ?????
AmrYoussef,Angry,AmrYoussef_Angry_32.wav,?? ??? ??????? ?????? ????? ?? ??? ?? ???? ???? 
AmrYoussef,Angry,AmrYoussef_Angry_15.wav,????? ????? ???? ????
AmrYoussef,Angry,AmrYoussef_Angry_13.wav,???? ????? ????? ?????? ???? ??????? ???? ?? ???? ???????? ?????
AmrYoussef,Angry,AmrYoussef_Angry_8.wav,????? ????? ??? ??? ???? ??? ???? ??? ???? ??? ???? ??? ???? ????? ?? ??? ????? ?????? ??
AmrYoussef,Angry,AmrYoussef_Angry_11.wav,???? ????? ??? ?? ???? ??????? ??????
AmrYoussef,Angry,AmrYoussef_Angry_2.wav,??? ?? ???? ??? ?????? ?? ????? ????? ??? ????? ????? ?? ???? ???
AmrYoussef,Angry,AmrYoussef_Angry_18.wav,???? ??????? ?????? ?? ????? ????? ????
AmrYoussef,Angry,AmrYoussef_Angry_10.wav,??? ????? ?? ?? ????
AmrYoussef,Angry,AmrYoussef_Angry_21.wav,?? ??? ??????? ???? ????? ?? ??? ???? ????? ????
AmrYoussef,Angry,AmrYoussef_Angry_23.wav,???? ??? ?????? ?????
AmrYoussef,Angry,AmrYoussef_Angry_25.wav,????? ?? ???? ?? ??? ?????? ?? ???? ????? ?????? ??? ???  
AmrYoussef,Angry,AmrYoussef_Angry_33.wav,?? ??? ???? ?? ??? ????? ???? ???????
AmrYoussef,Angry,AmrYoussef_Angry_6.wav,??? ???? ??? ??????
AmrYoussef,Angry,AmrYoussef_Angry_31.wav,??? ?????? ??? ?? ???? ???? ???? ??????
AmrYoussef,Angry,AmrYoussef_Angry_17.wav,????? ???? ???? ?????? ???? ?????? ?? ??????? ???? ????? ????
AmrYoussef,Angry,AmrYoussef_Angry_36.wav,?? ???? ???? ?? ??????? ???? ????? ?????? ????
AmrYoussef,Neutral,AmrYoussef_Neutral_41.wav,???? ????? ????? ?????
AmrYoussef,Neutral,AmrYoussef_Neutral_9.wav,?? ???? ???? ?? ?? ??????? ????? ???? ??????
AmrYoussef,Neutral,AmrYoussef_Neutral_39.wav,???? ???? ??? ???? ????? ???? ???? ??????
AmrYoussef,Neutral,AmrYoussef_Neutral_5.wav,??????? ??? ?? ??? ?? ???? ?? ??????? ???
AmrYoussef,Neutral,AmrYoussef_Neutral_15.wav,???? ?? ?? ?? ???? ???? ???? ?? ??? ???? ?? ???????
AmrYoussef,Neutral,AmrYoussef_Neutral_28.wav,???? ??? ???? ?????? ?????? ?? ?? ????? ???? ???? ???????
AmrYoussef,Neutral,AmrYoussef_Neutral_44.wav,?? ??? ???? ????? ???? ?? ?????
AmrYoussef,Neutral,AmrYoussef_Neutral_22.wav,??? ???? ??? ??? ???? ???? ?????? ?? ?????
AmrYoussef,Neutral,AmrYoussef_Neutral_26.wav,???? ?? ??? ????? ???? ?????
AmrYoussef,Neutral,AmrYoussef_Neutral_16.wav,????? ????? ???? ??? ?? ???
AmrYoussef,Neutral,AmrYoussef_Neutral_31.wav,??? ??? ????? ?? ??? ?? ??? ?????
AmrYoussef,Neutral,AmrYoussef_Neutral_17.wav,??? ???? ??? ???? ??? ????
AmrYoussef,Neutral,AmrYoussef_Neutral_24.wav,???? ???? ?? ??????? ??
AmrYoussef,Neutral,AmrYoussef_Neutral_38.wav,????? ????? ?????? ?? ?????
AmrYoussef,Neutral,AmrYoussef_Neutral_37.wav,????? ???? ???? ???? ????? ????? ???? ?????
AmrYoussef,Neutral,AmrYoussef_Neutral_43.wav,????? ???? ???? ???? ???? ???? ??????? ???
AmrYoussef,Neutral,AmrYoussef_Neutral_20.wav,??????? ??????? ?? ??? ????? ?????? ????
AmrYoussef,Neutral,AmrYoussef_Neutral_40.wav,???????? ?? ?? ??????
AmrYoussef,Neutral,AmrYoussef_Neutral_14.wav,????? ?????? ?????? ???? ????
AmrYoussef,Neutral,AmrYoussef_Neutral_6.wav,?? ???? ??? ???? ??? ?? ??????? ???? ???? ????? ????? ?? ?????
AmrYoussef,Neutral,AmrYoussef_Neutral_8.wav,???? ??? ??? ????? ???? ?????? ??? ?? ????
AmrYoussef,Neutral,AmrYoussef_Neutral_3.wav,?? ????? ???? ?????? ??? ???? ???? ??????? ?????
AmrYoussef,Neutral,AmrYoussef_Neutral_2.wav,?? ?? ????? ???? ???? ???? ???????? ????? ????? ??? ???
AmrYoussef,Neutral,AmrYoussef_Neutral_10.wav,??? ???? ??? ?????
AmrYoussef,Neutral,AmrYoussef_Neutral_18.wav,???? ??????? ?????
AmrYoussef,Neutral,AmrYoussef_Neutral_35.wav,??? ?????? ?? ??????? ??? ?? ?????? ????
AmrYoussef,Neutral,AmrYoussef_Neutral_34.wav,????? ?? ?? ??? ???? ???? ????? ??? ???
AmrYoussef,Neutral,AmrYoussef_Neutral_21.wav,????? ???? ???? ?? ??? ???? ???????
AmrYoussef,Neutral,AmrYoussef_Neutral_45.wav,???? ?? ??? ?????? ???? ????? ???? ???
AmrYoussef,Neutral,AmrYoussef_Neutral_19.wav,?? ???? ????? ?????? ???? ???????? ?????
AmrYoussef,Neutral,AmrYoussef_Neutral_11.wav,?? ?? ???? ??? ?????? ????
AmrYoussef,Neutral,AmrYoussef_Neutral_13.wav,?????? ?? ?????? ?????? ?? ??????
AmrYoussef,Neutral,AmrYoussef_Neutral_33.wav,?? ??? ???? ????
AmrYoussef,Neutral,AmrYoussef_Neutral_27.wav,???? ???? ??? ??????? ?????? ????
AmrYoussef,Neutral,AmrYoussef_Neutral_7.wav,??? ?? ????? ?????? ????? ????????
AmrYoussef,Neutral,AmrYoussef_Neutral_23.wav,??????? ??? ???? ?? ??????  ???? ?????? ??? ???? ?? ??? ????? ??? 
AmrYoussef,Neutral,AmrYoussef_Neutral_12.wav,??? ????? ??? ?????? ????? ???? ????
AmrYoussef,Neutral,AmrYoussef_Neutral_1.wav,??? ???? ??? ???? ???????
AmrYoussef,Neutral,AmrYoussef_Neutral_30.wav,???? ????
AmrYoussef,Neutral,AmrYoussef_Neutral_29.wav,????? ???? ??? ???? ?????? ??? ???????
AmrYoussef,Neutral,AmrYoussef_Neutral_42.wav,?? ??? ???????? ???? ??? ????
AmrYoussef,Neutral,AmrYoussef_Neutral_4.wav,???? ???? ??????? ???? ????? ????????
AmrYoussef,Neutral,AmrYoussef_Neutral_36.wav,????? ????? ????? ????? ?? ??? ???????
AmrYoussef,Neutral,AmrYoussef_Neutral_32.wav,??????? ??????? ???? ????? ?? ???? ??? ?? ????? 
AmrYoussef,Neutral,AmrYoussef_Neutral_25.wav,??? ???? ???? ???? ???? ?????? ?????? ???? ???? ?? ??????? ???? 
AmrYoussef,Happy,AmrYoussef_Happy_2.wav,?? ????? ??????
AmrYoussef,Happy,AmrYoussef_Happy_1.wav,??? ?????? ??? ???? ???????? ??
AmrYoussef,Happy,AmrYoussef_Happy_4.wav,????
AmrYoussef,Happy,AmrYoussef_Happy_3.wav,????? ???? ??? ???? 
AmrYoussef,Fearful,AmrYoussef_Fearful_6.wav,??? ???? ??? ????? ?? ?????
AmrYoussef,Fearful,AmrYoussef_Fearful_7.wav,?? ?? ??? ????? ?????? ???
AmrYoussef,Fearful,AmrYoussef_Fearful_5.wav,??? ??? ??????
AmrYoussef,Fearful,AmrYoussef_Fearful_3.wav,??? ???
AmrYoussef,Fearful,AmrYoussef_Fearful_2.wav,?? ???? ??? ??? ???? ?????
AmrYoussef,Fearful,AmrYoussef_Fearful_4.wav,???????? ??? ?? ???? ???? ?? ??
AmrYoussef,Fearful,AmrYoussef_Fearful_1.wav,???? ?????? ?? ???? ??? ?????
FotouhAhmed,Surprised,FotouhAhmed_Surprised_6.wav,?? ?????? ???
FotouhAhmed,Surprised,FotouhAhmed_Surprised_3.wav,???? ???? ???
FotouhAhmed,Surprised,FotouhAhmed_Surprised_7.wav,???
FotouhAhmed,Surprised,FotouhAhmed_Surprised_5.wav,?????
FotouhAhmed,Surprised,FotouhAhmed_Surprised_8.wav,???? ????????
FotouhAhmed,Surprised,FotouhAhmed_Surprised_1.wav,???? ???? ???? ???? ????? ??
FotouhAhmed,Surprised,FotouhAhmed_Surprised_2.wav,??? ?? ?????? ????
FotouhAhmed,Surprised,FotouhAhmed_Surprised_4.wav,???
FotouhAhmed,Angry,FotouhAhmed_Angry_1.wav,?? ?? ???? ??? ????
FotouhAhmed,Angry,FotouhAhmed_Angry_3.wav,????? ????? ???? ???? ??? ???
FotouhAhmed,Angry,FotouhAhmed_Angry_2.wav,????? ???? ???? ???? ????
FotouhAhmed,Angry,FotouhAhmed_Angry_5.wav,?? ??? ???? ???? ???? ????? ?????
FotouhAhmed,Angry,FotouhAhmed_Angry_4.wav,?? ??? ???? ?????? ???? ?????? ???? ??? ?????? ?????? ??????? ??????
FotouhAhmed,Neutral,FotouhAhmed_Neutral_1.wav,??? ??? ???? ?? ??? ?????? ?? ?????? ??????
FotouhAhmed,Fearful,FotouhAhmed_Fearful_1.wav,??? ????? ???
AliAlTayeb,Surprised,AliAlTayeb_Surprised_1.wav,??? ?? ???? ????? ????????
AliAlTayeb,Surprised,AliAlTayeb_Surprised_2.wav,?? ???? ???? ???? ?????
AliAlTayeb,Surprised,AliAlTayeb_Surprised_3.wav,??? ?? ??? ??? ??? ??? 
AliAlTayeb,Surprised,AliAlTayeb_Surprised_4.wav,?? ?????? ?? ?? ?????? ???? ?? ?? ??????
AliAlTayeb,Sad,AliAlTayeb_Sad_1.wav,??? ???? ????? ????? ?????
AliAlTayeb,Angry,AliAlTayeb_Angry_2.wav,?? ?? ??? ?????? ??? ??????? ??? ???? ??? ???
AliAlTayeb,Angry,AliAlTayeb_Angry_3.wav,??? ?????? ????
AliAlTayeb,Angry,AliAlTayeb_Angry_4.wav,????? ??? ????? ???????? ?????? ??????? ???? ????????? ?????? ?????
AliAlTayeb,Angry,AliAlTayeb_Angry_5.wav,????? ????? ?????? ????
AliAlTayeb,Angry,AliAlTayeb_Angry_6.wav,????? ???
AliAlTayeb,Angry,AliAlTayeb_Angry_1.wav,???? ?? ?????? ???
AliAlTayeb,Neutral,AliAlTayeb_Neutral_1.wav,?? ???? ????? ?? ?????? ????? ???
AliAlTayeb,Neutral,AliAlTayeb_Neutral_4.wav,?? ????? ??? ?? ????? ?????? ?? ??????? ?? ???? ?? ???? ?????
AliAlTayeb,Neutral,AliAlTayeb_Neutral_5.wav,??? ??? ???? ??????? ?????
AliAlTayeb,Neutral,AliAlTayeb_Neutral_3.wav,?? ?? ???? ???? ???? ???? ??? ????????
AliAlTayeb,Neutral,AliAlTayeb_Neutral_2.wav,?? ???? ???? ???????
AliAlTayeb,Happy,AliAlTayeb_Happy_2.wav,???? ????? ?? ?????
AliAlTayeb,Happy,AliAlTayeb_Happy_1.wav,???? ???? ?? ??? ??????? ????
AliAlTayeb,Happy,AliAlTayeb_Happy_3.wav,????? ???? ??? ???? ?? ??? ???? ????
AliAlTayeb,Happy,AliAlTayeb_Happy_4.wav,???? ??? ?? ???? ???? ???? ????? ????? ???? ???
AliAlTayeb,Fearful,AliAlTayeb_Fearful_9.wav,?? ???? ?????? ???? ???? ????? ?? ???? ?? ?????
AliAlTayeb,Fearful,AliAlTayeb_Fearful_1.wav,??? ????? ?? ???? ???? ???
AliAlTayeb,Fearful,AliAlTayeb_Fearful_7.wav,??? ????
AliAlTayeb,Fearful,AliAlTayeb_Fearful_11.wav,??? ?????? ???? ??? ????? ?? ???? ???? ??????? ?? ????? ?? ???? ???
AliAlTayeb,Fearful,AliAlTayeb_Fearful_2.wav,?? ?? ???? ?????? ?? ????
AliAlTayeb,Fearful,AliAlTayeb_Fearful_3.wav,??? ??????? ???? ????? ????
AliAlTayeb,Fearful,AliAlTayeb_Fearful_5.wav,???? ????? ??? ???
AliAlTayeb,Fearful,AliAlTayeb_Fearful_4.wav,?????? ??????? ??? ?? ?????? ?????
AliAlTayeb,Fearful,AliAlTayeb_Fearful_8.wav,????? ???? ??????
AliAlTayeb,Fearful,AliAlTayeb_Fearful_10.wav,???? ???? ??? ??
AliAlTayeb,Fearful,AliAlTayeb_Fearful_12.wav,???? ?? ??? ?? ????
AliAlTayeb,Fearful,AliAlTayeb_Fearful_6.wav,?? ?? ? ?????? ???? ?????? ???? ??? ????
ReemMustafa,Sad,ReemMustafa_Sad_1.wav,????? ?? ????? ???? ????? ???? ?????
ReemMustafa,Sad,ReemMustafa_Sad_36.wav,???? ??? ???? ??? ???
ReemMustafa,Sad,ReemMustafa_Sad_4.wav,????? ??? ???? ???? ???? ??? ???? ???? ??????
ReemMustafa,Sad,ReemMustafa_Sad_37.wav,????? ?? ?????
ReemMustafa,Sad,ReemMustafa_Sad_30.wav,??? ???? ??? ?? ??????
ReemMustafa,Sad,ReemMustafa_Sad_5.wav,??? ?????? ???? ?? ?????
ReemMustafa,Sad,ReemMustafa_Sad_22.wav,???? ??? ???? ????? ???? ?? ?????
ReemMustafa,Sad,ReemMustafa_Sad_24.wav,????? ???? ????? ????? ?????
ReemMustafa,Sad,ReemMustafa_Sad_26.wav,??? ???? ??? ?? ?? ???? ?????
ReemMustafa,Sad,ReemMustafa_Sad_19.wav,????
ReemMustafa,Sad,ReemMustafa_Sad_20.wav,?? ????
ReemMustafa,Sad,ReemMustafa_Sad_16.wav,????? ?? ????? ??? ??? ??? ???? ?? ???? ??? ????? ???
ReemMustafa,Sad,ReemMustafa_Sad_11.wav,?? ????? ??? ?????? ??? ??????? ???? ??? ?????
ReemMustafa,Sad,ReemMustafa_Sad_21.wav,???? ??????? ?????? ?? ????
ReemMustafa,Sad,ReemMustafa_Sad_13.wav,??? ?? ?? ????? ??? ?? ?? ???? ???? ???
ReemMustafa,Sad,ReemMustafa_Sad_10.wav,??????? ?? ?? ????? ????
ReemMustafa,Sad,ReemMustafa_Sad_2.wav,?? ??? ???? ?? ??? ????? ?? ?????
ReemMustafa,Sad,ReemMustafa_Sad_32.wav,?? ???? ????
ReemMustafa,Sad,ReemMustafa_Sad_12.wav,??? ???? ?? ???? ???? ??
ReemMustafa,Sad,ReemMustafa_Sad_3.wav,????? ????? ???? ?? ???
ReemMustafa,Sad,ReemMustafa_Sad_28.wav,?? ??? ???? ??????
ReemMustafa,Sad,ReemMustafa_Sad_33.wav,??? ????? ?? ?? ?? ?????? ???? ?????? ???
ReemMustafa,Sad,ReemMustafa_Sad_34.wav,?? ???? ??? ??? ?????? ??? ???? ??? ?????? ???
ReemMustafa,Sad,ReemMustafa_Sad_17.wav,????? ?????
ReemMustafa,Sad,ReemMustafa_Sad_25.wav,???? ??? ???? ??????
ReemMustafa,Sad,ReemMustafa_Sad_14.wav,???? ??? ?? ????
ReemMustafa,Sad,ReemMustafa_Sad_27.wav,?? ??? ?? ???? ????? ?? ???? ?????? ?????
ReemMustafa,Sad,ReemMustafa_Sad_23.wav,????? ?????? ?? ???
ReemMustafa,Sad,ReemMustafa_Sad_31.wav,?????? ???? ??????
ReemMustafa,Sad,ReemMustafa_Sad_29.wav,??? ????? ???
ReemMustafa,Sad,ReemMustafa_Sad_38.wav,???? ?? ????
ReemMustafa,Sad,ReemMustafa_Sad_18.wav,?? ????? ???????
ReemMustafa,Sad,ReemMustafa_Sad_35.wav,?????? ??? ?? ???? ?????? ??
ReemMustafa,Sad,ReemMustafa_Sad_15.wav,??? ???? ??????
ReemMustafa,Angry,ReemMustafa_Angry_13.wav,??? ??? ????? ?????
ReemMustafa,Angry,ReemMustafa_Angry_1.wav,?? ??? ??? ??????? ????? ?????
ReemMustafa,Angry,ReemMustafa_Angry_7.wav,???? ???? ???? ????? ?????? ???? ???? ????? ???
ReemMustafa,Angry,ReemMustafa_Angry_5.wav,????? ?? ??? ????? ???? ??????
ReemMustafa,Angry,ReemMustafa_Angry_2.wav,??? ????? ??????? ??????? ?? 
ReemMustafa,Angry,ReemMustafa_Angry_18.wav,????? ??????? ?? ??????
ReemMustafa,Angry,ReemMustafa_Angry_9.wav,????? ???? ???? ????? ????
ReemMustafa,Angry,ReemMustafa_Angry_8.wav,??? ????? ??? ???? ?? ????? ???? ?? ????
ReemMustafa,Angry,ReemMustafa_Angry_11.wav,??? ??????
ReemMustafa,Angry,ReemMustafa_Angry_12.wav,??? ????? ??? ????? ???? ?????????
ReemMustafa,Angry,ReemMustafa_Angry_20.wav,??? ?? ???? ???? ??? ???? ??? ???? ??? ??????
ReemMustafa,Angry,ReemMustafa_Angry_14.wav,???? ??????? ??????? ?????? ????? ??? ???
ReemMustafa,Angry,ReemMustafa_Angry_15.wav,??????? ?????
ReemMustafa,Angry,ReemMustafa_Angry_19.wav,??? ????? ????? ?? ????
ReemMustafa,Angry,ReemMustafa_Angry_17.wav,???? ??? ????? ??? ???? ?????
ReemMustafa,Angry,ReemMustafa_Angry_3.wav,?? ??? ??? ??????? ??????
ReemMustafa,Angry,ReemMustafa_Angry_10.wav,????? ?????
ReemMustafa,Angry,ReemMustafa_Angry_16.wav,?????? ??? ????? ???? ???? ????? ??? ?????
ReemMustafa,Angry,ReemMustafa_Angry_4.wav,?? ??? ?????? ????? ????? ????? ????
ReemMustafa,Angry,ReemMustafa_Angry_6.wav,???? ??? ?? ???? ????? ??? ??? ?? ??????
ReemMustafa,Neutral,ReemMustafa_Neutral_6.wav,??? ??????  ??? ???? ???? ??? ????? ??? ?? ?????
ReemMustafa,Neutral,ReemMustafa_Neutral_8.wav,??? ?? ????? ?? ??????? ??? ??? ?? ?????? ????
ReemMustafa,Neutral,ReemMustafa_Neutral_3.wav,?? ???????? ?????? ????? ??
ReemMustafa,Neutral,ReemMustafa_Neutral_4.wav,???? ????? ????? ?? ???? ???? ??? ?????????
ReemMustafa,Neutral,ReemMustafa_Neutral_10.wav,????? ??? ? ??????? ????? ?? ????? ???? ????
ReemMustafa,Neutral,ReemMustafa_Neutral_9.wav,???? ?? ?????? ??? ?????? ???? ???? ??? ?????? ????? ?????
ReemMustafa,Neutral,ReemMustafa_Neutral_5.wav,?? ?????? ??????? ???? ????? ???? ????
ReemMustafa,Neutral,ReemMustafa_Neutral_7.wav,??? ?????? ??? ??? ???
ReemMustafa,Neutral,ReemMustafa_Neutral_2.wav,??? ???? ???? ??? ??? ?? ??? ???? ?? ??? ??? ??
ReemMustafa,Neutral,ReemMustafa_Neutral_1.wav,??? ??????? ?? ?? ????
ReemMustafa,Neutral,ReemMustafa_Neutral_11.wav,???????? ????? ??? ?? ?? ???? ???
ReemMustafa,Happy,ReemMustafa_Happy_1.wav,??? ???? ????????
ReemMustafa,Happy,ReemMustafa_Happy_2.wav,?? ??? ??? ????
ReemMustafa,Fearful,ReemMustafa_Fearful_3.wav,?? ?? ?????? ????? ????? ????? ?? ????? ????
ReemMustafa,Fearful,ReemMustafa_Fearful_8.wav,???? ?????? ?? ????? ???????????   ?
ReemMustafa,Fearful,ReemMustafa_Fearful_7.wav,?? ???? ??? ?? ???? ????? ??? ?????? ??? ?? ???
ReemMustafa,Fearful,ReemMustafa_Fearful_5.wav,?? ?? ????
ReemMustafa,Fearful,ReemMustafa_Fearful_4.wav,?? ??? ???? ??????? ????
ReemMustafa,Fearful,ReemMustafa_Fearful_2.wav,???? ?? ????? ??? ?? ?????? ?? ?? ?????
ReemMustafa,Fearful,ReemMustafa_Fearful_6.wav,?# ?? ??? ???? ?????? ????
ReemMustafa,Fearful,ReemMustafa_Fearful_1.wav,??? ?? ??? ????? ??
DalalAbdelAziz,Surprised,DalalAbdelAziz_Surprised_23.wav,????? ????
DalalAbdelAziz,Surprised,DalalAbdelAziz_Surprised_3.wav,???? ?????? ????? ????? ??????
DalalAbdelAziz,Surprised,DalalAbdelAziz_Surprised_21.wav,???? ??????? ?? ????? ?? ??????? ????? ??????? ??
DalalAbdelAziz,Surprised,DalalAbdelAziz_Surprised_22.wav,?? ?? ?????
DalalAbdelAziz,Surprised,DalalAbdelAziz_Surprised_14.wav,?????
DalalAbdelAziz,Surprised,DalalAbdelAziz_Surprised_11.wav,??
DalalAbdelAziz,Surprised,DalalAbdelAziz_Surprised_5.wav,???? ??? ??? ??? ?? ??
DalalAbdelAziz,Surprised,DalalAbdelAziz_Surprised_7.wav,???? ????? ??
DalalAbdelAziz,Surprised,DalalAbdelAziz_Surprised_20.wav,????? ???? ???? ??
DalalAbdelAziz,Surprised,DalalAbdelAziz_Surprised_13.wav,????
DalalAbdelAziz,Surprised,DalalAbdelAziz_Surprised_9.wav,?? ?????? ??
DalalAbdelAziz,Surprised,DalalAbdelAziz_Surprised_6.wav,??????? ?????? ??????
DalalAbdelAziz,Surprised,DalalAbdelAziz_Surprised_16.wav,?? ???
DalalAbdelAziz,Surprised,DalalAbdelAziz_Surprised_12.wav,???????
DalalAbdelAziz,Surprised,DalalAbdelAziz_Surprised_17.wav,???? ????? ????? ???
DalalAbdelAziz,Surprised,DalalAbdelAziz_Surprised_19.wav,????? ??????? ??????
DalalAbdelAziz,Surprised,DalalAbdelAziz_Surprised_10.wav,??? ??????? ???? ??? ????? ??? ????? ??
DalalAbdelAziz,Surprised,DalalAbdelAziz_Surprised_2.wav,???
DalalAbdelAziz,Surprised,DalalAbdelAziz_Surprised_4.wav,????? ???? ?? ???
DalalAbdelAziz,Surprised,DalalAbdelAziz_Surprised_15.wav,???
DalalAbdelAziz,Surprised,DalalAbdelAziz_Surprised_18.wav,??? ??? ????? ?????
DalalAbdelAziz,Surprised,DalalAbdelAziz_Surprised_1.wav,?????? ???? ?????? ???? ???
DalalAbdelAziz,Surprised,DalalAbdelAziz_Surprised_8.wav,???? ????
DalalAbdelAziz,Sad,DalalAbdelAziz_Sad_5.wav,?????? ???? ????
DalalAbdelAziz,Sad,DalalAbdelAziz_Sad_3.wav,?? ??? ???? ???????? ??? ??? ??????
DalalAbdelAziz,Sad,DalalAbdelAziz_Sad_6.wav,?? ??? ?? ?? ???? ???? ?? ??? ???? ?????
DalalAbdelAziz,Sad,DalalAbdelAziz_Sad_8.wav,?? ???? ????? ???? ??? ?????? ?????? ?????? ??????
DalalAbdelAziz,Sad,DalalAbdelAziz_Sad_10.wav,???? ???? ??? ???? ????
DalalAbdelAziz,Sad,DalalAbdelAziz_Sad_7.wav,????? ????? ?? ? ???? ???? ???????
DalalAbdelAziz,Sad,DalalAbdelAziz_Sad_11.wav,????????? ???? ?? ??? ????
DalalAbdelAziz,Sad,DalalAbdelAziz_Sad_16.wav,??? ?? ???? ??? ????? ??????
DalalAbdelAziz,Sad,DalalAbdelAziz_Sad_14.wav,??????? ????
DalalAbdelAziz,Sad,DalalAbdelAziz_Sad_13.wav,???? ???? ??
DalalAbdelAziz,Sad,DalalAbdelAziz_Sad_15.wav,???? ?? ???? ????? ??? ????
DalalAbdelAziz,Sad,DalalAbdelAziz_Sad_17.wav,??? ??? ????? ??? ????
DalalAbdelAziz,Sad,DalalAbdelAziz_Sad_2.wav,???? ???? ???? ????
DalalAbdelAziz,Sad,DalalAbdelAziz_Sad_12.wav,??? ?? ??????
DalalAbdelAziz,Sad,DalalAbdelAziz_Sad_4.wav,????? ???? ????? ???? ?? ????? ???? ??
DalalAbdelAziz,Sad,DalalAbdelAziz_Sad_1.wav,???? ?? ????? ??? ??? ????? ??? ??? ????
DalalAbdelAziz,Sad,DalalAbdelAziz_Sad_9.wav,??? ?? ?????? ???? ?? ????
DalalAbdelAziz,Angry,DalalAbdelAziz_Angry_20.wav,????? ??? ??? ???? ???? ??? ?????? ??? ????? ???? ????   ?
DalalAbdelAziz,Angry,DalalAbdelAziz_Angry_7.wav,????? ??????? ?? ??? ????? ?? ???
DalalAbdelAziz,Angry,DalalAbdelAziz_Angry_16.wav,???? ???? ???? ????? ?????? ???? ??? ???
DalalAbdelAziz,Angry,DalalAbdelAziz_Angry_21.wav,???? ???? ??????? ??? ????
DalalAbdelAziz,Angry,DalalAbdelAziz_Angry_13.wav,???? ???
DalalAbdelAziz,Angry,DalalAbdelAziz_Angry_18.wav,?????? ???? ???
DalalAbdelAziz,Angry,DalalAbdelAziz_Angry_25.wav,?????? ?????? ????? ???? ???? ???? ???? ?? ?? ????? ??? ???
DalalAbdelAziz,Angry,DalalAbdelAziz_Angry_2.wav,???? ?? ?? ???
DalalAbdelAziz,Angry,DalalAbdelAziz_Angry_9.wav,???? ???? ??? ???? ??? ?? ??? ??? ??? ???? ?????? ??
DalalAbdelAziz,Angry,DalalAbdelAziz_Angry_23.wav,??? ???? ??????? ????? ???? ??? ???? ?? ??
DalalAbdelAziz,Angry,DalalAbdelAziz_Angry_14.wav,????? ??? ?? ??? ???? ??? ??????
DalalAbdelAziz,Angry,DalalAbdelAziz_Angry_10.wav,??? ?? ??????
DalalAbdelAziz,Angry,DalalAbdelAziz_Angry_15.wav,??? ??? ???
DalalAbdelAziz,Angry,DalalAbdelAziz_Angry_8.wav,??????? ??? ?????? ???
DalalAbdelAziz,Angry,DalalAbdelAziz_Angry_6.wav,???? ??? ?? ??? ?? ???? ???
DalalAbdelAziz,Angry,DalalAbdelAziz_Angry_1.wav,??? ?????????? ?? ?????????????
DalalAbdelAziz,Angry,DalalAbdelAziz_Angry_4.wav,???? ?? ??? ??? ????
DalalAbdelAziz,Angry,DalalAbdelAziz_Angry_3.wav,????? ??? ????? ???? ???? ??????? ?? ????   ?
DalalAbdelAziz,Angry,DalalAbdelAziz_Angry_19.wav,??? ?? ???? ????? ???? ???? ???? ????   ??
DalalAbdelAziz,Angry,DalalAbdelAziz_Angry_24.wav,???????? ???? ??? ????
DalalAbdelAziz,Angry,DalalAbdelAziz_Angry_11.wav,????? ????
DalalAbdelAziz,Angry,DalalAbdelAziz_Angry_12.wav,??? ???? ???? ????
DalalAbdelAziz,Angry,DalalAbdelAziz_Angry_17.wav,??????? ???? ???? ????? ???? ??? ?????? ???
DalalAbdelAziz,Angry,DalalAbdelAziz_Angry_22.wav,??? ?? ????? ??????? ??? ??? ??? ????? ??????   ?
DalalAbdelAziz,Angry,DalalAbdelAziz_Angry_5.wav,?? ???? ??? ??? ?????? ???? ??????? ????? ????
DalalAbdelAziz,Neutral,DalalAbdelAziz_Neutral_12.wav,???? ????????? ???
DalalAbdelAziz,Neutral,DalalAbdelAziz_Neutral_15.wav,????? ????? ???? ????? ???? ?????? ???? ???
DalalAbdelAziz,Neutral,DalalAbdelAziz_Neutral_4.wav,???? ???? ???? ??????? ??????
DalalAbdelAziz,Neutral,DalalAbdelAziz_Neutral_13.wav,?????? ???? ??? ???? ?????
DalalAbdelAziz,Neutral,DalalAbdelAziz_Neutral_21.wav,???? ??? ?????? ???? ????? ?????
DalalAbdelAziz,Neutral,DalalAbdelAziz_Neutral_11.wav,???? ????? ????? ????? ???? ????? ??
DalalAbdelAziz,Neutral,DalalAbdelAziz_Neutral_5.wav,???? ????? ???? ????? ????
DalalAbdelAziz,Neutral,DalalAbdelAziz_Neutral_16.wav,????? ????? ????
DalalAbdelAziz,Neutral,DalalAbdelAziz_Neutral_17.wav,??? ?? ??? ???? ?????? ?? ???? ?? ?????
DalalAbdelAziz,Neutral,DalalAbdelAziz_Neutral_14.wav,???????? ?? ???????? ??????
DalalAbdelAziz,Neutral,DalalAbdelAziz_Neutral_8.wav,??? ??????? ???? ??? ????? ???
DalalAbdelAziz,Neutral,DalalAbdelAziz_Neutral_7.wav,???? ????? ??????? ??????? ?? ???? ????
DalalAbdelAziz,Neutral,DalalAbdelAziz_Neutral_6.wav,? ??? ??? ??? ???? ???? ????? ????
DalalAbdelAziz,Neutral,DalalAbdelAziz_Neutral_3.wav,??? ?? ?????? ???? ???? ???????
DalalAbdelAziz,Neutral,DalalAbdelAziz_Neutral_20.wav,???? ???? ??????? ?????? ???? ???
DalalAbdelAziz,Neutral,DalalAbdelAziz_Neutral_2.wav,?????? ????? ?????? ???? ???? ????
DalalAbdelAziz,Neutral,DalalAbdelAziz_Neutral_19.wav,?????? ???? ???? ????
DalalAbdelAziz,Neutral,DalalAbdelAziz_Neutral_9.wav,?? ???? ???
DalalAbdelAziz,Neutral,DalalAbdelAziz_Neutral_1.wav,????? ???????
DalalAbdelAziz,Neutral,DalalAbdelAziz_Neutral_10.wav,???? ???????? ?????
DalalAbdelAziz,Neutral,DalalAbdelAziz_Neutral_18.wav,?????? ???? ???? ?????
DalalAbdelAziz,Happy,DalalAbdelAziz_Happy_1.wav,???? ??? ??? ???? ??? ????? ?? ????
DalalAbdelAziz,Happy,DalalAbdelAziz_Happy_2.wav,????? ??????
DalalAbdelAziz,Happy,DalalAbdelAziz_Happy_4.wav,?????
DalalAbdelAziz,Happy,DalalAbdelAziz_Happy_3.wav,?? ?????? ????? ??? ? ????
DalalAbdelAziz,Fearful,DalalAbdelAziz_Fearful_8.wav,?? ?? ?? ??? ?? ???
DalalAbdelAziz,Fearful,DalalAbdelAziz_Fearful_7.wav,?? ??? ????? ???? ???? ???
DalalAbdelAziz,Fearful,DalalAbdelAziz_Fearful_1.wav,????? ????
DalalAbdelAziz,Fearful,DalalAbdelAziz_Fearful_3.wav,? ????
DalalAbdelAziz,Fearful,DalalAbdelAziz_Fearful_4.wav,??? ????? ????? ???? ?? ?????? ?? ?????? ???
DalalAbdelAziz,Fearful,DalalAbdelAziz_Fearful_9.wav,?????? ?? ???? ???? ???????? ???
DalalAbdelAziz,Fearful,DalalAbdelAziz_Fearful_6.wav,?????? ?????
DalalAbdelAziz,Fearful,DalalAbdelAziz_Fearful_2.wav,?? ?????? ? ??????
DalalAbdelAziz,Fearful,DalalAbdelAziz_Fearful_5.wav,?? ??????
DinaElSherbiny,Surprised,DinaElSherbiny_Surprised_7.wav,??? ?? ??? ??? ????? ??? ??
DinaElSherbiny,Surprised,DinaElSherbiny_Surprised_14.wav,???? ?? ???? ???
DinaElSherbiny,Surprised,DinaElSherbiny_Surprised_12.wav,?????? ???
DinaElSherbiny,Surprised,DinaElSherbiny_Surprised_15.wav,????? ??? ???? ?? ??? ???? ?????
DinaElSherbiny,Surprised,DinaElSherbiny_Surprised_5.wav,???? ??? ???? ?? ??????
DinaElSherbiny,Surprised,DinaElSherbiny_Surprised_2.wav,??? ??
DinaElSherbiny,Surprised,DinaElSherbiny_Surprised_1.wav,??????? ????????
DinaElSherbiny,Surprised,DinaElSherbiny_Surprised_8.wav,????
DinaElSherbiny,Surprised,DinaElSherbiny_Surprised_10.wav,???? ??? ?? ??? ?????
DinaElSherbiny,Surprised,DinaElSherbiny_Surprised_3.wav,??? ??#
DinaElSherbiny,Surprised,DinaElSherbiny_Surprised_6.wav,??? ???? ???
DinaElSherbiny,Surprised,DinaElSherbiny_Surprised_11.wav,???? ?? ??? ?????? ???? ??? ?????? ?? ?????? ???
DinaElSherbiny,Surprised,DinaElSherbiny_Surprised_9.wav,?????? ?? ??????? ????? ??? ??? ???? ??? ???
DinaElSherbiny,Surprised,DinaElSherbiny_Surprised_4.wav,????? ????
DinaElSherbiny,Surprised,DinaElSherbiny_Surprised_13.wav,?? ???? ????? ??? ?? ??? ???
DinaElSherbiny,Sad,DinaElSherbiny_Sad_3.wav,???? ?? ???? ????? ?? ??????? ?? ????? ????? ????? ????
DinaElSherbiny,Sad,DinaElSherbiny_Sad_4.wav,?? ??? ?? ???? ?????? ????
DinaElSherbiny,Sad,DinaElSherbiny_Sad_9.wav,????? ?? ???? ????? ???? ????? ?? ??? ?? ????? ????
DinaElSherbiny,Sad,DinaElSherbiny_Sad_10.wav,??? ??? ???? ?? ????
DinaElSherbiny,Sad,DinaElSherbiny_Sad_8.wav,?? ???? ????? ??? ?????? ???? ???
DinaElSherbiny,Sad,DinaElSherbiny_Sad_6.wav,????? ?? ???
DinaElSherbiny,Sad,DinaElSherbiny_Sad_11.wav,??? ????? ??? ??? ??? ???? ???? ???
DinaElSherbiny,Sad,DinaElSherbiny_Sad_1.wav,????? ?? ????????
DinaElSherbiny,Sad,DinaElSherbiny_Sad_2.wav,????? ???? ???? ???? ????? ???? ????? ??? ??? ?? ??????? ???????? ??
DinaElSherbiny,Sad,DinaElSherbiny_Sad_5.wav,?????? ?? ???? ??????
DinaElSherbiny,Sad,DinaElSherbiny_Sad_7.wav,?? ???? ?????? ?? ?????? ??????? ????? ??????
DinaElSherbiny,Angry,DinaElSherbiny_Angry_11.wav,????? ???? ??? ???? ???? ?? ???? ???
DinaElSherbiny,Angry,DinaElSherbiny_Angry_9.wav,?? ?? ??????? ?? ?? ??? ????? ?????? ?? ??? ????   ?
DinaElSherbiny,Angry,DinaElSherbiny_Angry_3.wav,??? ???? ??? ???
DinaElSherbiny,Angry,DinaElSherbiny_Angry_8.wav,?? ??????? ????? ??? ???
DinaElSherbiny,Angry,DinaElSherbiny_Angry_17.wav,?? ??? ???? ?? ? ???? ??? ????? ??? ??? ???
DinaElSherbiny,Angry,DinaElSherbiny_Angry_5.wav,??? ????? ??? ?? ???? ??? ???
DinaElSherbiny,Angry,DinaElSherbiny_Angry_4.wav,? ??????? ??? ?? ???? ?? ????? ??? ????
DinaElSherbiny,Angry,DinaElSherbiny_Angry_19.wav,??? ?? ?? ???? ??? ???? ???? ?? ????? ???? ???????? ????? ???? ?? ????
DinaElSherbiny,Angry,DinaElSherbiny_Angry_2.wav,???? ???? ???? ??? ??? ?? ?? ???? ?????
DinaElSherbiny,Angry,DinaElSherbiny_Angry_18.wav,??? ???? ???? ????? ???? ? ????? ??
DinaElSherbiny,Angry,DinaElSherbiny_Angry_15.wav,?? ?????? ??? ??? ?? ???? ???? ???? ????? ?? ?????
DinaElSherbiny,Angry,DinaElSherbiny_Angry_12.wav,???? ????? ????? ??? ??? ??? ???? ???? ??
DinaElSherbiny,Angry,DinaElSherbiny_Angry_6.wav,??? ?? ????? ???? ???? ???? ????? ???? ??? ?????? ???? ?? ??????
DinaElSherbiny,Angry,DinaElSherbiny_Angry_13.wav,???? ????? ?? ??????? ??? ??? ???? ?? ???
DinaElSherbiny,Angry,DinaElSherbiny_Angry_14.wav,???????? ??? ??? ??? ?? ?????? ?????
DinaElSherbiny,Angry,DinaElSherbiny_Angry_10.wav,?? ???? ??? ??? ??
DinaElSherbiny,Angry,DinaElSherbiny_Angry_1.wav,?? ??? ?? ??? ???????
DinaElSherbiny,Angry,DinaElSherbiny_Angry_16.wav,???? ?? ?? ??? ?? ??? ??? ???? ?? ?????? ???? ?????? ??? ??? ????? ???? ????
DinaElSherbiny,Angry,DinaElSherbiny_Angry_7.wav,??? ??? ? ???? ?? ????? ???? ???
DinaElSherbiny,Neutral,DinaElSherbiny_Neutral_1.wav,????? ??????? ???? ??? ???? ???? ?? ??? ???    ? ?????
DinaElSherbiny,Neutral,DinaElSherbiny_Neutral_9.wav,????? ???? ???? ??? ??????? ????
DinaElSherbiny,Neutral,DinaElSherbiny_Neutral_8.wav,??? ???? ???? ?? ?????? ????? ?? ????? ?? ??? ?? ???? ??
DinaElSherbiny,Neutral,DinaElSherbiny_Neutral_2.wav,?? ??????? ???? ?? ???? ???? ????
DinaElSherbiny,Neutral,DinaElSherbiny_Neutral_11.wav,?? ???????? ??? ????? ??? ?
DinaElSherbiny,Neutral,DinaElSherbiny_Neutral_4.wav,??? ?? ???? ??? ???? ??? ??????? ? ????? ??? ???? ?????? ??????
DinaElSherbiny,Neutral,DinaElSherbiny_Neutral_7.wav,???? ???? ?????? ?? ??????? ??? ????? ???? ???? ???? ???
DinaElSherbiny,Neutral,DinaElSherbiny_Neutral_6.wav,?? ?????? ???
DinaElSherbiny,Neutral,DinaElSherbiny_Neutral_10.wav,???? ???? ???? ?????? ??? ?? ??????
DinaElSherbiny,Neutral,DinaElSherbiny_Neutral_3.wav,??????? ??? ??? ???? ???????? ??? ?????? ???? ????? ??? ?????? ??? ????
DinaElSherbiny,Neutral,DinaElSherbiny_Neutral_5.wav,?? ??? ?????
DinaElSherbiny,Happy,DinaElSherbiny_Happy_5.wav,????? ????? ??? ???? ??? ???? ????? ?????? ???? ?? ???
DinaElSherbiny,Happy,DinaElSherbiny_Happy_6.wav,???????? ??????? ??????? ???? ??????? ??
DinaElSherbiny,Happy,DinaElSherbiny_Happy_9.wav,????? ?? ??? ???
DinaElSherbiny,Happy,DinaElSherbiny_Happy_7.wav,????? ????? ???
DinaElSherbiny,Happy,DinaElSherbiny_Happy_8.wav,???? ??? ???? ???? ???? ??? ???
DinaElSherbiny,Happy,DinaElSherbiny_Happy_1.wav,??? ????? ?????
DinaElSherbiny,Happy,DinaElSherbiny_Happy_2.wav,???? ??? ????
DinaElSherbiny,Happy,DinaElSherbiny_Happy_4.wav,???? ?? ????? ?? ????? ????
DinaElSherbiny,Happy,DinaElSherbiny_Happy_3.wav,???? ?????
DinaElSherbiny,Fearful,DinaElSherbiny_Fearful_5.wav,? ???? ?????
DinaElSherbiny,Fearful,DinaElSherbiny_Fearful_1.wav,???????? ???? ??????? ????
DinaElSherbiny,Fearful,DinaElSherbiny_Fearful_3.wav,?? ????? ??????? ???? ????? ????
DinaElSherbiny,Fearful,DinaElSherbiny_Fearful_2.wav,???? ??? ?? ?????
DinaElSherbiny,Fearful,DinaElSherbiny_Fearful_4.wav,?? ????
AhmedBeder,Surprised,AhmedBeder_Surprised_1.wav,??#
AhmedBeder,Sad,AhmedBeder_Sad_9.wav,????? ???? ????????? ???? ????
AhmedBeder,Sad,AhmedBeder_Sad_4.wav,?? ?????
AhmedBeder,Sad,AhmedBeder_Sad_12.wav,????????? ?? ?? ???
AhmedBeder,Sad,AhmedBeder_Sad_15.wav,????? ????
AhmedBeder,Sad,AhmedBeder_Sad_3.wav,???? ? ????? ???? ???? ???
AhmedBeder,Sad,AhmedBeder_Sad_7.wav,???? ???? ?????
AhmedBeder,Sad,AhmedBeder_Sad_13.wav,?? ??? ????
AhmedBeder,Sad,AhmedBeder_Sad_6.wav,??? ??? ???? ??
AhmedBeder,Sad,AhmedBeder_Sad_2.wav,????? ?# ???? ???? ????? ???? ???????
AhmedBeder,Sad,AhmedBeder_Sad_14.wav,? ????? ?? ??? ???? ????????
AhmedBeder,Sad,AhmedBeder_Sad_1.wav,??? ?? ?? ????? ??? ??? ????? ??????? ????
AhmedBeder,Sad,AhmedBeder_Sad_10.wav,????? ???? ? ????
AhmedBeder,Sad,AhmedBeder_Sad_11.wav,????? ??? ??? ???
AhmedBeder,Sad,AhmedBeder_Sad_5.wav,????? ??? ????? ????
AhmedBeder,Sad,AhmedBeder_Sad_8.wav,?????? ????
AhmedBeder,Angry,AhmedBeder_Angry_5.wav,?? ?? ?? ?? ????? ????
AhmedBeder,Angry,AhmedBeder_Angry_1.wav,???? ???? ?? ???? ??????
AhmedBeder,Angry,AhmedBeder_Angry_3.wav,??? ??? ???? ?? ???? ??? ??? ????
AhmedBeder,Angry,AhmedBeder_Angry_4.wav,????? ???? ?????? ???? ?????
AhmedBeder,Angry,AhmedBeder_Angry_8.wav,???? ????? ???? ????
AhmedBeder,Angry,AhmedBeder_Angry_7.wav,?????? ??????? ???????? ?? ??????????? ???
AhmedBeder,Angry,AhmedBeder_Angry_2.wav,??????? ?????? ?? ?????????
AhmedBeder,Angry,AhmedBeder_Angry_6.wav,?? ?? ????? ?????
AhmedBeder,Neutral,AhmedBeder_Neutral_1.wav,?? ?? ??? ??? ???? ????
AhmedBeder,Neutral,AhmedBeder_Neutral_7.wav,??? ??????? ?????????? ??? #
AhmedBeder,Neutral,AhmedBeder_Neutral_2.wav,?? ?????? ???? ?? ???????   ???
AhmedBeder,Neutral,AhmedBeder_Neutral_5.wav,????? ???? ???? ??????? ???????
AhmedBeder,Neutral,AhmedBeder_Neutral_3.wav,????? ?? ?????? ??? ???????
AhmedBeder,Neutral,AhmedBeder_Neutral_4.wav,?? ????? ???? ?? ?? ???????? ??
AhmedBeder,Neutral,AhmedBeder_Neutral_6.wav,?????? ? ?? ?? ???? ?? ??? ????
AhmedBeder,Happy,AhmedBeder_Happy_5.wav,????? ?? ???? ??? ?????
AhmedBeder,Happy,AhmedBeder_Happy_8.wav,??? ??? ?????????
AhmedBeder,Happy,AhmedBeder_Happy_2.wav,???? ???? ?????? ?????? ????? ????? ???? ??????
AhmedBeder,Happy,AhmedBeder_Happy_7.wav,??? ???? ????? ?? ??? ????? ??
AhmedBeder,Happy,AhmedBeder_Happy_3.wav,????? ????? ?? ????? ????? ???? ??? ?
AhmedBeder,Happy,AhmedBeder_Happy_1.wav,???????? ?????? ????? ????
AhmedBeder,Happy,AhmedBeder_Happy_6.wav,???? ??? ?????
AhmedBeder,Happy,AhmedBeder_Happy_4.wav,???? ??????? ?? ?? ??????
AhmedBeder,Fearful,AhmedBeder_Fearful_3.wav,?????????
AhmedBeder,Fearful,AhmedBeder_Fearful_1.wav,??????
AhmedBeder,Fearful,AhmedBeder_Fearful_2.wav,????? ??????? ??
AhmedBeder,Fearful,AhmedBeder_Fearful_4.wav,??? ??????
NohaAbdin,Sad,NohaAbdin_Sad_1.wav,???? ????? ??? ?????   ?
NohaAbdin,Sad,NohaAbdin_Sad_4.wav,?????
NohaAbdin,Sad,NohaAbdin_Sad_2.wav,???? ??? ???
NohaAbdin,Sad,NohaAbdin_Sad_3.wav,????
NohaAbdin,Angry,NohaAbdin_Angry_7.wav,?????? ??????? ?? ??????? ????
NohaAbdin,Angry,NohaAbdin_Angry_8.wav,???? ??? ?? ?? ??? ???????
NohaAbdin,Angry,NohaAbdin_Angry_6.wav,????? ?? ?????? ???? ??? ?????? ??????
NohaAbdin,Angry,NohaAbdin_Angry_5.wav,??? ?????? ????? ????? ???
NohaAbdin,Angry,NohaAbdin_Angry_2.wav,??? ??? ???? ??? ?? ??????
NohaAbdin,Angry,NohaAbdin_Angry_3.wav,?????? ????? ???? ????? ???? ????
NohaAbdin,Angry,NohaAbdin_Angry_10.wav,??? ???? ??? ??? ???? ???
NohaAbdin,Angry,NohaAbdin_Angry_4.wav,??? ???? ?????? ?? ????? ????? ????
NohaAbdin,Angry,NohaAbdin_Angry_1.wav,??? ???? ????? ???? ??????
NohaAbdin,Angry,NohaAbdin_Angry_9.wav,???? ??? ?? ??? ???? ???? ??? ????? ???? ????
NohaAbdin,Fearful,NohaAbdin_Fearful_1.wav,???? ????? ???????
DiaaAbdulKhaleq,Surprised,DiaaAbdulKhaleq_Surprised_2.wav,??????
DiaaAbdulKhaleq,Surprised,DiaaAbdulKhaleq_Surprised_1.wav,???????
DiaaAbdulKhaleq,Angry,DiaaAbdulKhaleq_Angry_1.wav,??? ?? ??? ???? ???? ??????
DiaaAbdulKhaleq,Neutral,DiaaAbdulKhaleq_Neutral_4.wav,??????? ?? ?????
DiaaAbdulKhaleq,Neutral,DiaaAbdulKhaleq_Neutral_5.wav,???? ??? ??????? ????????? ????? ??????? ??????
DiaaAbdulKhaleq,Neutral,DiaaAbdulKhaleq_Neutral_1.wav,???? ????? ??? ?????? ???? ???? ???
DiaaAbdulKhaleq,Neutral,DiaaAbdulKhaleq_Neutral_2.wav,???? ???? ? ??????
DiaaAbdulKhaleq,Neutral,DiaaAbdulKhaleq_Neutral_3.wav,???? ???? ???? ???? ???? ???? ????? ?????? ????
DiaaAbdulKhaleq,Happy,DiaaAbdulKhaleq_Happy_1.wav,?? ? ??? ??? ???? ?? ????
DiaaAbdulKhaleq,Happy,DiaaAbdulKhaleq_Happy_2.wav,? ??? ?????? ?????? ?? ??
